Row,Type,id,Status,Name,Price,Location,Time,HoursN,HoursS,MonthsN,MonthsS,IconFilenameN,IconFilenameS,AvailableN,AvailableS
1,Fish,1,Not caught,Bitterling,900,River,All day,"1,1,1,1,1,1,1,1,1,1,1,1,1,1,1,1,1,1,1,1,1,1,1,1","1,1,1,1,1,1,1,1,1,1,1,1,1,1,1,1,1,1,1,1,1,1,1,1","1,1,1,0,0,0,0,0,0,0,1,1","0,0,0,0,1,1,1,1,1,0,0,0",Fish0,Fish0,,
2,Fish,2,Not caught,Pale chub,160,River,9 AM - 4 PM,"0,0,0,0,0,0,0,0,0,1,1,1,1,1,1,1,0,0,0,0,0,0,0,0","0,0,0,0,0,0,0,0,0,1,1,1,1,1,1,1,0,0,0,0,0,0,0,0","1,1,1,1,1,1,1,1,1,1,1,1","1,1,1,1,1,1,1,1,1,1,1,1",Fish1,Fish1,,
3,Fish,3,Not caught,Crucian carp,160,River,All day,"1,1,1,1,1,1,1,1,1,1,1,1,1,1,1,1,1,1,1,1,1,1,1,1","1,1,1,1,1,1,1,1,1,1,1,1,1,1,1,1,1,1,1,1,1,1,1,1","1,1,1,1,1,1,1,1,1,1,1,1","1,1,1,1,1,1,1,1,1,1,1,1",Fish2,Fish2,,
4,Fish,4,Not caught,Dace,240,River,4 PM - 9 AM,"1,1,1,1,1,1,1,1,1,0,0,0,0,0,0,0,1,1,1,1,1,1,1,1","1,1,1,1,1,1,1,1,1,0,0,0,0,0,0,0,1,1,1,1,1,1,1,1","1,1,1,1,1,1,1,1,1,1,1,1","1,1,1,1,1,1,1,1,1,1,1,1",Fish3,Fish3,,
5,Fish,5,Not caught,Carp,300,Pond,All day,"1,1,1,1,1,1,1,1,1,1,1,1,1,1,1,1,1,1,1,1,1,1,1,1","1,1,1,1,1,1,1,1,1,1,1,1,1,1,1,1,1,1,1,1,1,1,1,1","1,1,1,1,1,1,1,1,1,1,1,1","1,1,1,1,1,1,1,1,1,1,1,1",Fish5,Fish5,,
6,Fish,6,Not caught,Koi,4000,Pond,4 PM - 9 AM,"1,1,1,1,1,1,1,1,1,0,0,0,0,0,0,0,1,1,1,1,1,1,1,1","1,1,1,1,1,1,1,1,1,0,0,0,0,0,0,0,1,1,1,1,1,1,1,1","1,1,1,1,1,1,1,1,1,1,1,1","1,1,1,1,1,1,1,1,1,1,1,1",Fish6,Fish6,,
7,Fish,7,Not caught,Goldfish,1300,Pond,All day,"1,1,1,1,1,1,1,1,1,1,1,1,1,1,1,1,1,1,1,1,1,1,1,1","1,1,1,1,1,1,1,1,1,1,1,1,1,1,1,1,1,1,1,1,1,1,1,1","1,1,1,1,1,1,1,1,1,1,1,1","1,1,1,1,1,1,1,1,1,1,1,1",Fish7,Fish7,,
8,Fish,8,Not caught,Pop-eyed Goldfish,1300,Pond,9 AM - 4 PM,"0,0,0,0,0,0,0,0,0,1,1,1,1,1,1,1,0,0,0,0,0,0,0,0","0,0,0,0,0,0,0,0,0,1,1,1,1,1,1,1,0,0,0,0,0,0,0,0","1,1,1,1,1,1,1,1,1,1,1,1","1,1,1,1,1,1,1,1,1,1,1,1",Fish8,Fish8,,
9,Fish,9,Not caught,Ranchu Goldfish,4500,Pond,9 AM - 4 PM,"0,0,0,0,0,0,0,0,0,1,1,1,1,1,1,1,0,0,0,0,0,0,0,0","0,0,0,0,0,0,0,0,0,1,1,1,1,1,1,1,0,0,0,0,0,0,0,0","1,1,1,1,1,1,1,1,1,1,1,1","1,1,1,1,1,1,1,1,1,1,1,1",Fish85,Fish85,,
10,Fish,10,Not caught,Killifish,300,Pond,All day,"1,1,1,1,1,1,1,1,1,1,1,1,1,1,1,1,1,1,1,1,1,1,1,1","1,1,1,1,1,1,1,1,1,1,1,1,1,1,1,1,1,1,1,1,1,1,1,1","0,0,0,1,1,1,1,1,0,0,0,0","1,1,0,0,0,0,0,0,0,1,1,1",Fish9,Fish9,,
11,Fish,11,Not caught,Crawfish,200,Pond,All day,"1,1,1,1,1,1,1,1,1,1,1,1,1,1,1,1,1,1,1,1,1,1,1,1","1,1,1,1,1,1,1,1,1,1,1,1,1,1,1,1,1,1,1,1,1,1,1,1","0,0,0,1,1,1,1,1,1,0,0,0","1,1,1,0,0,0,0,0,0,1,1,1",Fish10,Fish10,,
12,Fish,12,Not caught,Soft-shelled Turtle,3750,River,4 PM - 9 AM,"1,1,1,1,1,1,1,1,1,0,0,0,0,0,0,0,1,1,1,1,1,1,1,1","1,1,1,1,1,1,1,1,1,0,0,0,0,0,0,0,1,1,1,1,1,1,1,1","0,0,0,0,0,0,0,1,1,0,0,0","0,1,1,0,0,0,0,0,0,0,0,0",Fish65,Fish65,,
13,Fish,13,Not caught,Snapping Turtle,5000,River,9 PM - 4 AM,"1,1,1,1,0,0,0,0,0,0,0,0,0,0,0,0,0,0,0,0,0,1,1,1","1,1,1,1,0,0,0,0,0,0,0,0,0,0,0,0,0,0,0,0,0,1,1,1","0,0,0,1,1,1,1,1,1,1,0,0","1,1,1,1,0,0,0,0,0,1,1,1",Fish78,Fish78,,
14,Fish,14,Not caught,Tadpole,100,Pond,All day,"1,1,1,1,1,1,1,1,1,1,1,1,1,1,1,1,1,1,1,1,1,1,1,1","1,1,1,1,1,1,1,1,1,1,1,1,1,1,1,1,1,1,1,1,1,1,1,1","0,0,1,1,1,1,1,0,0,0,0,0","1,0,0,0,0,0,0,0,1,1,1,1",Fish64,Fish64,,
15,Fish,15,Not caught,Frog,120,Pond,All day,"1,1,1,1,1,1,1,1,1,1,1,1,1,1,1,1,1,1,1,1,1,1,1,1","1,1,1,1,1,1,1,1,1,1,1,1,1,1,1,1,1,1,1,1,1,1,1,1","0,0,0,0,1,1,1,1,0,0,0,0","1,1,0,0,0,0,0,0,0,0,1,1",Fish11,Fish11,,
16,Fish,16,Not caught,Freshwater Goby,400,River,4 PM - 9 AM,"1,1,1,1,1,1,1,1,1,0,0,0,0,0,0,0,1,1,1,1,1,1,1,1","1,1,1,1,1,1,1,1,1,0,0,0,0,0,0,0,1,1,1,1,1,1,1,1","1,1,1,1,1,1,1,1,1,1,1,1","1,1,1,1,1,1,1,1,1,1,1,1",Fish12,Fish12,,
17,Fish,17,Not caught,Loach,400,River,All day,"1,1,1,1,1,1,1,1,1,1,1,1,1,1,1,1,1,1,1,1,1,1,1,1","1,1,1,1,1,1,1,1,1,1,1,1,1,1,1,1,1,1,1,1,1,1,1,1","0,0,1,1,1,0,0,0,0,0,0,0","0,0,0,0,0,0,0,0,1,1,1,0",Fish13,Fish13,,
18,Fish,18,Not caught,Catfish,800,Pond,4 PM - 9 AM,"1,1,1,1,1,1,1,1,1,0,0,0,0,0,0,0,1,1,1,1,1,1,1,1","1,1,1,1,1,1,1,1,1,0,0,0,0,0,0,0,1,1,1,1,1,1,1,1","0,0,0,0,1,1,1,1,1,1,0,0","1,1,1,1,0,0,0,0,0,0,1,1",Fish14,Fish14,,
19,Fish,19,Not caught,Giant snakehead,5500,Pond,9 AM - 4 PM,"0,0,0,0,0,0,0,0,0,1,1,1,1,1,1,1,0,0,0,0,0,0,0,0","0,0,0,0,0,0,0,0,0,1,1,1,1,1,1,1,0,0,0,0,0,0,0,0","0,0,0,0,0,1,1,1,0,0,0,0","1,1,0,0,0,0,0,0,0,0,0,1",Fish16,Fish16,,
20,Fish,20,Not caught,Bluegill,180,River,9 AM - 4 PM,"0,0,0,0,0,0,0,0,0,1,1,1,1,1,1,1,0,0,0,0,0,0,0,0","0,0,0,0,0,0,0,0,0,1,1,1,1,1,1,1,0,0,0,0,0,0,0,0","1,1,1,1,1,1,1,1,1,1,1,1","1,1,1,1,1,1,1,1,1,1,1,1",Fish17,Fish17,,
21,Fish,21,Not caught,Yellow perch,300,River,All day,"1,1,1,1,1,1,1,1,1,1,1,1,1,1,1,1,1,1,1,1,1,1,1,1","1,1,1,1,1,1,1,1,1,1,1,1,1,1,1,1,1,1,1,1,1,1,1,1","1,1,1,0,0,0,0,0,0,1,1,1","0,0,0,1,1,1,1,1,1,0,0,0",Fish18,Fish18,,
22,Fish,22,Not caught,Black Bass,400,River,All day,"1,1,1,1,1,1,1,1,1,1,1,1,1,1,1,1,1,1,1,1,1,1,1,1","1,1,1,1,1,1,1,1,1,1,1,1,1,1,1,1,1,1,1,1,1,1,1,1","1,1,1,1,1,1,1,1,1,1,1,1","1,1,1,1,1,1,1,1,1,1,1,1",Fish19,Fish19,,
23,Fish,23,Not caught,Tilapia,800,River,All day,"1,1,1,1,1,1,1,1,1,1,1,1,1,1,1,1,1,1,1,1,1,1,1,1","1,1,1,1,1,1,1,1,1,1,1,1,1,1,1,1,1,1,1,1,1,1,1,1","0,0,0,0,0,1,1,1,1,1,0,0","1,1,1,1,0,0,0,0,0,0,0,1",Fish76,Fish76,,
24,Fish,24,Not caught,Pike,1800,River,All day,"1,1,1,1,1,1,1,1,1,1,1,1,1,1,1,1,1,1,1,1,1,1,1,1","1,1,1,1,1,1,1,1,1,1,1,1,1,1,1,1,1,1,1,1,1,1,1,1","0,0,0,0,0,0,0,0,1,1,1,1","0,0,1,1,1,1,0,0,0,0,0,0",Fish20,Fish20,,
25,Fish,25,Not caught,Pond smelt,500,River,All day,"1,1,1,1,1,1,1,1,1,1,1,1,1,1,1,1,1,1,1,1,1,1,1,1","1,1,1,1,1,1,1,1,1,1,1,1,1,1,1,1,1,1,1,1,1,1,1,1","1,1,0,0,0,0,0,0,0,0,0,1","0,0,0,0,0,1,1,1,0,0,0,0",Fish21,Fish21,,
26,Fish,26,Not caught,Sweetfish,900,River,All day,"1,1,1,1,1,1,1,1,1,1,1,1,1,1,1,1,1,1,1,1,1,1,1,1","1,1,1,1,1,1,1,1,1,1,1,1,1,1,1,1,1,1,1,1,1,1,1,1","0,0,0,0,0,0,1,1,1,0,0,0","1,1,1,0,0,0,0,0,0,0,0,0",Fish22,Fish22,,
27,Fish,27,Not caught,Cherry Salmon,1000,River (Clifftop),4 PM - 9 AM,"1,1,1,1,1,1,1,1,1,0,0,0,0,0,0,0,1,1,1,1,1,1,1,1","1,1,1,1,1,1,1,1,1,0,0,0,0,0,0,0,1,1,1,1,1,1,1,1","0,0,1,1,1,1,0,0,1,1,1,0","0,0,1,1,1,0,0,0,1,1,1,1",Fish23,Fish23,,
28,Fish,28,Not caught,Char,3800,River (Clifftop) Pond,4 PM - 9 AM,"1,1,1,1,1,1,1,1,1,0,0,0,0,0,0,0,1,1,1,1,1,1,1,1","1,1,1,1,1,1,1,1,1,0,0,0,0,0,0,0,1,1,1,1,1,1,1,1","0,0,1,1,1,1,0,0,1,1,1,0","0,0,1,1,1,0,0,0,1,1,1,1",Fish24,Fish24,,
29,Fish,29,Not caught,Golden Trout,15000,River (Clifftop),4 PM - 9 AM,"1,1,1,1,1,1,1,1,1,0,0,0,0,0,0,0,1,1,1,1,1,1,1,1","1,1,1,1,1,1,1,1,1,0,0,0,0,0,0,0,1,1,1,1,1,1,1,1","0,0,1,1,1,0,0,0,1,1,1,0","0,0,1,1,1,0,0,0,1,1,1,0",Fish79,Fish79,,
30,Fish,30,Not caught,Stringfish,15000,River (Clifftop),4 PM - 9 AM,"1,1,1,1,1,1,1,1,1,0,0,0,0,0,0,0,1,1,1,1,1,1,1,1","1,1,1,1,1,1,1,1,1,0,0,0,0,0,0,0,1,1,1,1,1,1,1,1","1,1,1,0,0,0,0,0,0,0,0,1","0,0,0,0,0,1,1,1,1,0,0,0",Fish26,Fish26,,
31,Fish,31,Not caught,Salmon,700,River (Mouth),All day,"1,1,1,1,1,1,1,1,1,1,1,1,1,1,1,1,1,1,1,1,1,1,1,1","1,1,1,1,1,1,1,1,1,1,1,1,1,1,1,1,1,1,1,1,1,1,1,1","0,0,0,0,0,0,0,0,1,0,0,0","0,0,1,0,0,0,0,0,0,0,0,0",Fish27,Fish27,,
32,Fish,32,Not caught,King Salmon,1800,River (Mouth),All day,"1,1,1,1,1,1,1,1,1,1,1,1,1,1,1,1,1,1,1,1,1,1,1,1","1,1,1,1,1,1,1,1,1,1,1,1,1,1,1,1,1,1,1,1,1,1,1,1","0,0,0,0,0,0,0,0,1,0,0,0","0,0,1,0,0,0,0,0,0,0,0,0",Fish28,Fish28,,
33,Fish,33,Not caught,Mitten Crab,2000,River,4 PM - 9 AM,"1,1,1,1,1,1,1,1,1,0,0,0,0,0,0,0,1,1,1,1,1,1,1,1","1,1,1,1,1,1,1,1,1,0,0,0,0,0,0,0,1,1,1,1,1,1,1,1","0,0,0,0,0,0,0,0,1,1,1,0","0,0,1,1,1,0,0,0,0,0,0,0",Fish66,Fish66,,
34,Fish,34,Not caught,Guppy,1300,River,9 AM - 4 PM,"0,0,0,0,0,0,0,0,0,1,1,1,1,1,1,1,0,0,0,0,0,0,0,0","0,0,0,0,0,0,0,0,0,1,1,1,1,1,1,1,0,0,0,0,0,0,0,0","0,0,0,1,1,1,1,1,1,1,1,0","1,1,1,1,1,0,0,0,0,1,1,1",Fish29,Fish29,,
35,Fish,35,Not caught,Nibble Fish,1500,River,9 AM - 4 PM,"0,0,0,0,0,0,0,0,0,1,1,1,1,1,1,1,0,0,0,0,0,0,0,0","0,0,0,0,0,0,0,0,0,1,1,1,1,1,1,1,0,0,0,0,0,0,0,0","0,0,0,0,1,1,1,1,1,0,0,0","1,1,1,0,0,0,0,0,0,0,1,1",Fish67,Fish67,,
36,Fish,36,Not caught,Angelfish,3000,River,4 PM - 9 AM,"1,1,1,1,1,1,1,1,1,0,0,0,0,0,0,0,1,1,1,1,1,1,1,1","1,1,1,1,1,1,1,1,1,0,0,0,0,0,0,0,1,1,1,1,1,1,1,1","0,0,0,0,1,1,1,1,1,1,0,0","1,1,1,1,0,0,0,0,0,0,1,1",Fish30,Fish30,,
37,Fish,37,Not caught,Betta,2500,River,9 AM - 4 PM,"0,0,0,0,0,0,0,0,0,1,1,1,1,1,1,1,0,0,0,0,0,0,0,0","0,0,0,0,0,0,0,0,0,1,1,1,1,1,1,1,0,0,0,0,0,0,0,0","0,0,0,0,1,1,1,1,1,1,0,0","1,1,1,1,0,0,0,0,0,0,1,1",Fish77,Fish77,,
38,Fish,38,Not caught,Neon tetra,500,River,9 AM - 4 PM,"0,0,0,0,0,0,0,0,0,1,1,1,1,1,1,1,0,0,0,0,0,0,0,0","0,0,0,0,0,0,0,0,0,1,1,1,1,1,1,1,0,0,0,0,0,0,0,0","0,0,0,1,1,1,1,1,1,1,1,0","1,1,1,1,1,0,0,0,0,1,1,1",Fish31,Fish31,,
39,Fish,39,Not caught,Rainbowfish,800,River,9 AM - 4 PM,"0,0,0,0,0,0,0,0,0,1,1,1,1,1,1,1,0,0,0,0,0,0,0,0","0,0,0,0,0,0,0,0,0,1,1,1,1,1,1,1,0,0,0,0,0,0,0,0","0,0,0,0,1,1,1,1,1,1,0,0","1,1,1,1,0,0,0,0,0,0,1,1",Fish80,Fish80,,
40,Fish,40,Not caught,Piranha,2500,River,9 AM - 4 PM & 9 PM - 4 AM,"1,1,1,1,0,0,0,0,0,1,1,1,1,1,1,1,0,0,0,0,0,1,1,1","1,1,1,1,0,0,0,0,0,1,1,1,1,1,1,1,0,0,0,0,0,1,1,1","0,0,0,0,0,1,1,1,1,0,0,0","1,1,1,0,0,0,0,0,0,0,0,1",Fish32,Fish32,,
41,Fish,41,Not caught,Arowana,10000,River,4 PM - 9 AM,"1,1,1,1,1,1,1,1,1,0,0,0,0,0,0,0,1,1,1,1,1,1,1,1","1,1,1,1,1,1,1,1,1,0,0,0,0,0,0,0,1,1,1,1,1,1,1,1","0,0,0,0,0,1,1,1,1,0,0,0","1,1,1,0,0,0,0,0,0,0,0,1",Fish33,Fish33,,
42,Fish,42,Not caught,Dorado,15000,River,4 AM - 9 PM,"0,0,0,0,1,1,1,1,1,1,1,1,1,1,1,1,1,1,1,1,1,0,0,0","0,0,0,0,1,1,1,1,1,1,1,1,1,1,1,1,1,1,1,1,1,0,0,0","0,0,0,0,0,1,1,1,1,0,0,0","1,1,1,0,0,0,0,0,0,0,0,1",Fish34,Fish34,,
43,Fish,43,Not caught,Gar,6000,Pond,4 PM - 9 AM,"1,1,1,1,1,1,1,1,1,0,0,0,0,0,0,0,1,1,1,1,1,1,1,1","1,1,1,1,1,1,1,1,1,0,0,0,0,0,0,0,1,1,1,1,1,1,1,1","0,0,0,0,0,0,1,1,1,1,0,0","1,1,1,1,0,0,0,0,0,0,0,0",Fish35,Fish35,,
44,Fish,44,Not caught,Arapaima,10000,River,4 PM - 9 AM,"1,1,1,1,1,1,1,1,1,0,0,0,0,0,0,0,1,1,1,1,1,1,1,1","1,1,1,1,1,1,1,1,1,0,0,0,0,0,0,0,1,1,1,1,1,1,1,1","0,0,0,0,0,1,1,1,1,0,0,0","1,1,1,0,0,0,0,0,0,0,0,1",Fish36,Fish36,,
45,Fish,45,Not caught,Saddled Bichir,4000,River,9 PM - 4 AM,"1,1,1,1,0,0,0,0,0,0,0,0,0,0,0,0,0,0,0,0,0,1,1,1","1,1,1,1,0,0,0,0,0,0,0,0,0,0,0,0,0,0,0,0,0,1,1,1","0,0,0,0,0,1,1,1,1,0,0,0","1,1,1,0,0,0,0,0,0,0,0,1",Fish68,Fish68,,
46,Fish,46,Not caught,Sturgeon,10000,River (Mouth),All day,"1,1,1,1,1,1,1,1,1,1,1,1,1,1,1,1,1,1,1,1,1,1,1,1","1,1,1,1,1,1,1,1,1,1,1,1,1,1,1,1,1,1,1,1,1,1,1,1","1,1,1,0,0,0,0,0,1,1,1,1","0,0,1,1,1,1,1,1,1,0,0,0",Fish75,Fish75,,
47,Fish,47,Not caught,Sea butterfly,1000,Sea,All day,"1,1,1,1,1,1,1,1,1,1,1,1,1,1,1,1,1,1,1,1,1,1,1,1","1,1,1,1,1,1,1,1,1,1,1,1,1,1,1,1,1,1,1,1,1,1,1,1","1,1,1,0,0,0,0,0,0,0,0,1","0,0,0,0,0,1,1,1,1,0,0,0",Fish37,Fish37,,
48,Fish,48,Not caught,Seahorse,1100,Sea,All day,"1,1,1,1,1,1,1,1,1,1,1,1,1,1,1,1,1,1,1,1,1,1,1,1","1,1,1,1,1,1,1,1,1,1,1,1,1,1,1,1,1,1,1,1,1,1,1,1","0,0,0,1,1,1,1,1,1,1,1,0","1,1,1,1,1,0,0,0,0,1,1,1",Fish39,Fish39,,
49,Fish,49,Not caught,Clownfish,650,Sea,All day,"1,1,1,1,1,1,1,1,1,1,1,1,1,1,1,1,1,1,1,1,1,1,1,1","1,1,1,1,1,1,1,1,1,1,1,1,1,1,1,1,1,1,1,1,1,1,1,1","0,0,0,1,1,1,1,1,1,0,0,0","1,1,1,0,0,0,0,0,0,1,1,1",Fish40,Fish40,,
50,Fish,50,Not caught,Surgeonfish,1000,Sea,All day,"1,1,1,1,1,1,1,1,1,1,1,1,1,1,1,1,1,1,1,1,1,1,1,1","1,1,1,1,1,1,1,1,1,1,1,1,1,1,1,1,1,1,1,1,1,1,1,1","0,0,0,1,1,1,1,1,1,0,0,0","1,1,1,0,0,0,0,0,0,1,1,1",Fish41,Fish41,,
51,Fish,51,Not caught,Butterfly Fish,1000,Sea,All day,"1,1,1,1,1,1,1,1,1,1,1,1,1,1,1,1,1,1,1,1,1,1,1,1","1,1,1,1,1,1,1,1,1,1,1,1,1,1,1,1,1,1,1,1,1,1,1,1","0,0,0,1,1,1,1,1,1,0,0,0","1,1,1,0,0,0,0,0,0,1,1,1",Fish42,Fish42,,
52,Fish,52,Not caught,Napoleonfish,1000,Sea,4 AM - 9 PM,"0,0,0,0,1,1,1,1,1,1,1,1,1,1,1,1,1,1,1,1,1,0,0,0","0,0,0,0,1,1,1,1,1,1,1,1,1,1,1,1,1,1,1,1,1,0,0,0","0,0,0,0,0,0,1,1,0,0,0,0","1,1,0,0,0,0,0,0,0,0,0,0",Fish43,Fish43,,
53,Fish,53,Not caught,Zebra turkeyfish,500,Sea,All day,"1,1,1,1,1,1,1,1,1,1,1,1,1,1,1,1,1,1,1,1,1,1,1,1","1,1,1,1,1,1,1,1,1,1,1,1,1,1,1,1,1,1,1,1,1,1,1,1","0,0,0,1,1,0,1,1,1,1,1,0","1,1,1,1,1,0,0,0,0,1,1,0",Fish44,Fish44,,
54,Fish,54,Not caught,Blowfish,5000,Sea,6 PM - 4 AM,"1,1,1,1,0,0,0,0,0,0,0,0,0,0,0,0,0,0,1,1,1,1,1,1","1,1,1,1,0,0,0,0,0,0,0,0,0,0,0,0,0,0,1,1,1,1,1,1","1,1,0,0,0,0,0,0,0,0,1,1","0,0,0,0,1,1,1,1,0,0,0,0",Fish73,Fish73,,
55,Fish,55,Not caught,Puffer fish,250,Sea,All day,"1,1,1,1,1,1,1,1,1,1,1,1,1,1,1,1,1,1,1,1,1,1,1,1","1,1,1,1,1,1,1,1,1,1,1,1,1,1,1,1,1,1,1,1,1,1,1,1","0,0,0,0,0,0,1,1,1,0,0,0","1,1,1,0,0,0,0,0,0,0,0,0",Fish45,Fish45,,
56,Fish,56,Not caught,Anchovy,200,Sea,4 AM - 9 PM,"0,0,0,0,1,1,1,1,1,1,1,1,1,1,1,1,1,1,1,1,1,0,0,0","0,0,0,0,1,1,1,1,1,1,1,1,1,1,1,1,1,1,1,1,1,0,0,0","1,1,1,1,1,1,1,1,1,1,1,1","1,1,1,1,1,1,1,1,1,1,1,1",Fish81,Fish81,,
57,Fish,57,Not caught,Horse mackerel,150,Sea,All day,"1,1,1,1,1,1,1,1,1,1,1,1,1,1,1,1,1,1,1,1,1,1,1,1","1,1,1,1,1,1,1,1,1,1,1,1,1,1,1,1,1,1,1,1,1,1,1,1","1,1,1,1,1,1,1,1,1,1,1,1","1,1,1,1,1,1,1,1,1,1,1,1",Fish46,Fish46,,
58,Fish,58,Not caught,Barred Knifejaw,5000,Sea,All day,"1,1,1,1,1,1,1,1,1,1,1,1,1,1,1,1,1,1,1,1,1,1,1,1","1,1,1,1,1,1,1,1,1,1,1,1,1,1,1,1,1,1,1,1,1,1,1,1","0,0,1,1,1,1,1,1,1,1,1,0","1,1,1,1,1,0,0,0,1,1,1,1",Fish47,Fish47,,
59,Fish,59,Not caught,Sea bass,400,Sea,All day,"1,1,1,1,1,1,1,1,1,1,1,1,1,1,1,1,1,1,1,1,1,1,1,1","1,1,1,1,1,1,1,1,1,1,1,1,1,1,1,1,1,1,1,1,1,1,1,1","1,1,1,1,1,1,1,1,1,1,1,1","1,1,1,1,1,1,1,1,1,1,1,1",Fish48,Fish48,,
60,Fish,60,Not caught,Red snapper,3000,Sea,All day,"1,1,1,1,1,1,1,1,1,1,1,1,1,1,1,1,1,1,1,1,1,1,1,1","1,1,1,1,1,1,1,1,1,1,1,1,1,1,1,1,1,1,1,1,1,1,1,1","1,1,1,1,1,1,1,1,1,1,1,1","1,1,1,1,1,1,1,1,1,1,1,1",Fish49,Fish49,,
61,Fish,61,Not caught,Dab,300,Sea,All day,"1,1,1,1,1,1,1,1,1,1,1,1,1,1,1,1,1,1,1,1,1,1,1,1","1,1,1,1,1,1,1,1,1,1,1,1,1,1,1,1,1,1,1,1,1,1,1,1","1,1,1,1,0,0,0,0,0,1,1,1","0,0,0,1,1,1,1,1,1,1,0,0",Fish50,Fish50,,
62,Fish,62,Not caught,Olive Flounder,800,Sea,All day,"1,1,1,1,1,1,1,1,1,1,1,1,1,1,1,1,1,1,1,1,1,1,1,1","1,1,1,1,1,1,1,1,1,1,1,1,1,1,1,1,1,1,1,1,1,1,1,1","1,1,1,1,1,1,1,1,1,1,1,1","1,1,1,1,1,1,1,1,1,1,1,1",Fish51,Fish51,,
63,Fish,63,Not caught,Squid,500,Sea,All day,"1,1,1,1,1,1,1,1,1,1,1,1,1,1,1,1,1,1,1,1,1,1,1,1","1,1,1,1,1,1,1,1,1,1,1,1,1,1,1,1,1,1,1,1,1,1,1,1","1,1,1,1,1,1,1,1,0,0,0,1","1,1,0,0,0,1,1,1,1,1,1,1",Fish52,Fish52,,
64,Fish,64,Not caught,Moray eel,2000,Sea,All day,"1,1,1,1,1,1,1,1,1,1,1,1,1,1,1,1,1,1,1,1,1,1,1,1","1,1,1,1,1,1,1,1,1,1,1,1,1,1,1,1,1,1,1,1,1,1,1,1","0,0,0,0,0,0,0,1,1,1,0,0","0,1,1,1,0,0,0,0,0,0,0,0",Fish55,Fish55,,
65,Fish,65,Not caught,Ribbon Eel,600,Sea,All day,"1,1,1,1,1,1,1,1,1,1,1,1,1,1,1,1,1,1,1,1,1,1,1,1","1,1,1,1,1,1,1,1,1,1,1,1,1,1,1,1,1,1,1,1,1,1,1,1","0,0,0,0,0,1,1,1,1,1,0,0","1,1,1,1,0,0,0,0,0,0,0,1",Fish71,Fish71,,
66,Fish,66,Not caught,Tuna,7000,Pier,All day,"1,1,1,1,1,1,1,1,1,1,1,1,1,1,1,1,1,1,1,1,1,1,1,1","1,1,1,1,1,1,1,1,1,1,1,1,1,1,1,1,1,1,1,1,1,1,1,1","1,1,1,1,0,0,0,0,0,0,1,1","0,0,0,0,1,1,1,1,1,1,0,0",Fish57,Fish57,,
67,Fish,67,Not caught,Blue Marlin,10000,Pier,All day,"1,1,1,1,1,1,1,1,1,1,1,1,1,1,1,1,1,1,1,1,1,1,1,1","1,1,1,1,1,1,1,1,1,1,1,1,1,1,1,1,1,1,1,1,1,1,1,1","1,1,1,1,0,0,1,1,1,0,1,1","1,1,1,0,1,1,1,1,1,1,0,0",Fish58,Fish58,,
68,Fish,68,Not caught,Giant Trevally,4500,Pier,All day,"1,1,1,1,1,1,1,1,1,1,1,1,1,1,1,1,1,1,1,1,1,1,1,1","1,1,1,1,1,1,1,1,1,1,1,1,1,1,1,1,1,1,1,1,1,1,1,1","0,0,0,0,1,1,1,1,1,1,0,0","1,1,1,1,0,0,0,0,0,0,1,1",Fish70,Fish70,,
69,Fish,69,Not caught,Mahi-mahi,6000,Pier,All day,"1,1,1,1,1,1,1,1,1,1,1,1,1,1,1,1,1,1,1,1,1,1,1,1","1,1,1,1,1,1,1,1,1,1,1,1,1,1,1,1,1,1,1,1,1,1,1,1","0,0,0,0,1,1,1,1,1,1,0,0","1,1,1,1,0,0,0,0,0,0,1,1",Fish82,Fish82,,
70,Fish,70,Not caught,Ocean Sunfish,4000,Sea,4 AM - 9 PM,"0,0,0,0,1,1,1,1,1,1,1,1,1,1,1,1,1,1,1,1,1,0,0,0","0,0,0,0,1,1,1,1,1,1,1,1,1,1,1,1,1,1,1,1,1,0,0,0","0,0,0,0,0,0,1,1,1,0,0,0","1,1,1,0,0,0,0,0,0,0,0,0",Fish60,Fish60,,
71,Fish,71,Not caught,Ray,3000,Sea,4 AM - 9 PM,"0,0,0,0,1,1,1,1,1,1,1,1,1,1,1,1,1,1,1,1,1,0,0,0","0,0,0,0,1,1,1,1,1,1,1,1,1,1,1,1,1,1,1,1,1,0,0,0","0,0,0,0,0,0,0,1,1,1,1,0","0,1,1,1,1,0,0,0,0,0,0,0",Fish59,Fish59,,
72,Fish,72,Not caught,Saw Shark,12000,Sea,4 PM - 9 AM,"1,1,1,1,1,1,1,1,1,0,0,0,0,0,0,0,1,1,1,1,1,1,1,1","1,1,1,1,1,1,1,1,1,0,0,0,0,0,0,0,1,1,1,1,1,1,1,1","0,0,0,0,0,1,1,1,1,0,0,0","1,1,1,0,0,0,0,0,0,0,0,1",Fish74,Fish74,,
73,Fish,73,Not caught,Hammerhead Shark,8000,Sea,4 PM - 9 AM,"1,1,1,1,1,1,1,1,1,0,0,0,0,0,0,0,1,1,1,1,1,1,1,1","1,1,1,1,1,1,1,1,1,0,0,0,0,0,0,0,1,1,1,1,1,1,1,1","0,0,0,0,0,1,1,1,1,0,0,0","1,1,1,0,0,0,0,0,0,0,0,1",Fish61,Fish61,,
74,Fish,74,Not caught,Great White Shark,15000,Sea,4 PM - 9 AM,"1,1,1,1,1,1,1,1,1,0,0,0,0,0,0,0,1,1,1,1,1,1,1,1","1,1,1,1,1,1,1,1,1,0,0,0,0,0,0,0,1,1,1,1,1,1,1,1","0,0,0,0,0,1,1,1,1,0,0,0","1,1,1,0,0,0,0,0,0,0,0,1",Fish62,Fish62,,
75,Fish,75,Not caught,Whale shark,13000,Sea,All day,"1,1,1,1,1,1,1,1,1,1,1,1,1,1,1,1,1,1,1,1,1,1,1,1","1,1,1,1,1,1,1,1,1,1,1,1,1,1,1,1,1,1,1,1,1,1,1,1","0,0,0,0,0,1,1,1,1,0,0,0","1,1,1,0,0,0,0,0,0,0,0,1",Fish72,Fish72,,
76,Fish,76,Not caught,Suckerfish,1500,Sea,All day,"1,1,1,1,1,1,1,1,1,1,1,1,1,1,1,1,1,1,1,1,1,1,1,1","1,1,1,1,1,1,1,1,1,1,1,1,1,1,1,1,1,1,1,1,1,1,1,1","0,0,0,0,0,1,1,1,1,0,0,0","1,1,1,0,0,0,0,0,0,0,0,1",Fish83,Fish83,,
77,Fish,77,Not caught,Football Fish,25000,Sea,4 PM - 9 AM,"1,1,1,1,1,1,1,1,1,0,0,0,0,0,0,0,1,1,1,1,1,1,1,1","1,1,1,1,1,1,1,1,1,0,0,0,0,0,0,0,1,1,1,1,1,1,1,1","1,1,1,0,0,0,0,0,0,0,1,1","0,0,0,0,1,1,1,1,1,0,0,0",Fish56,Fish56,,
78,Fish,78,Not caught,Oarfish,9000,Sea,All day,"1,1,1,1,1,1,1,1,1,1,1,1,1,1,1,1,1,1,1,1,1,1,1,1","1,1,1,1,1,1,1,1,1,1,1,1,1,1,1,1,1,1,1,1,1,1,1,1","1,1,1,1,1,0,0,0,0,0,0,1","0,0,0,0,0,1,1,1,1,1,1,0",Fish69,Fish69,,
79,Fish,79,Not caught,Barreleye,15000,Sea,9 PM - 4 AM,"1,1,1,1,0,0,0,0,0,0,0,0,0,0,0,0,0,0,0,0,0,1,1,1","1,1,1,1,0,0,0,0,0,0,0,0,0,0,0,0,0,0,0,0,0,1,1,1","1,1,1,1,1,1,1,1,1,1,1,1","1,1,1,1,1,1,1,1,1,1,1,1",Fish84,Fish84,,
80,Fish,80,Not caught,Coelacanth,15000,Sea (Raining),All day,"1,1,1,1,1,1,1,1,1,1,1,1,1,1,1,1,1,1,1,1,1,1,1,1","1,1,1,1,1,1,1,1,1,1,1,1,1,1,1,1,1,1,1,1,1,1,1,1","1,1,1,1,1,1,1,1,1,1,1,1","1,1,1,1,1,1,1,1,1,1,1,1",Fish63,Fish63,,
81,Bugs,1,Not caught,Common Butterfly,160,Flying,8 AM - 5 PM,"0,0,0,0,0,0,0,0,1,1,1,1,1,1,1,1,1,1,0,0,0,0,0,0","0,0,0,0,0,0,0,0,1,1,1,1,1,1,1,1,1,1,0,0,0,0,0,0","1,1,1,1,1,1,0,0,1,1,1,1","0,0,1,1,1,1,1,1,1,1,1,1",Ins0,Ins0,,
82,Bugs,2,Not caught,Yellow Butterfly,160,Flying,All day,"1,1,1,1,1,1,1,1,1,1,1,1,1,1,1,1,1,1,1,1,1,1,1,1","1,1,1,1,1,1,1,1,1,1,1,1,1,1,1,1,1,1,1,1,1,1,1,1","0,0,1,1,1,1,0,0,1,1,0,0","0,0,1,1,0,0,0,0,1,1,1,1",Ins1,Ins1,,
83,Bugs,3,Not caught,Tiger Butterfly,240,Flying,7 PM - 4 AM,"1,1,1,1,1,0,0,0,0,0,0,0,0,0,0,0,0,0,0,1,1,1,1,1","1,1,1,1,1,0,0,0,0,0,0,0,0,0,0,0,0,0,0,1,1,1,1,1","0,0,1,1,1,1,1,1,1,0,0,0","1,1,1,0,0,0,0,0,1,1,1,1",Ins2,Ins2,,
84,Bugs,4,Not caught,Peacock Butterfly,2500,Flowers (Hybrid),All day,"1,1,1,1,1,1,1,1,1,1,1,1,1,1,1,1,1,1,1,1,1,1,1,1","1,1,1,1,1,1,1,1,1,1,1,1,1,1,1,1,1,1,1,1,1,1,1,1","0,0,1,1,1,1,0,0,0,0,0,0","0,0,0,0,0,0,0,0,1,1,1,1",Ins3,Ins3,,
85,Bugs,5,Not caught,Common Bluebottle,300,Flying,8 AM - 5 PM,"0,0,0,0,0,0,0,0,1,1,1,1,1,1,1,1,1,1,0,0,0,0,0,0","0,0,0,0,0,0,0,0,1,1,1,1,1,1,1,1,1,1,0,0,0,0,0,0","0,0,0,1,1,1,1,1,0,0,0,0","1,1,0,0,0,0,0,0,0,1,1,1",Ins72,Ins72,,
86,Bugs,6,Not caught,Paper Kite Butterfly,1000,Flying,5 PM - 8 AM,"1,1,1,1,1,1,1,1,1,0,0,0,0,0,0,0,0,1,1,1,1,1,1,1","1,1,1,1,1,1,1,1,1,0,0,0,0,0,0,0,0,1,1,1,1,1,1,1","1,1,1,1,1,1,1,1,1,1,1,1","1,1,1,1,1,1,1,1,1,1,1,1",Ins73,Ins73,,
87,Bugs,7,Not caught,Great Purple Emperor,3000,Flying,All day,"1,1,1,1,1,1,1,1,1,1,1,1,1,1,1,1,1,1,1,1,1,1,1,1","1,1,1,1,1,1,1,1,1,1,1,1,1,1,1,1,1,1,1,1,1,1,1,1","0,0,0,0,1,1,1,1,0,0,0,0","1,1,0,0,0,0,0,0,0,0,1,1",Ins74,Ins74,,
88,Bugs,8,Not caught,Monarch Butterfly,140,Flying,8 AM - 5 PM,"0,0,0,0,0,0,0,0,1,1,1,1,1,1,1,1,1,1,0,0,0,0,0,0","0,0,0,0,0,0,0,0,1,1,1,1,1,1,1,1,1,1,0,0,0,0,0,0","0,0,0,0,0,0,0,0,1,1,1,0","0,0,1,1,1,0,0,0,0,0,0,0",Ins4,Ins4,,
89,Bugs,9,Not caught,Emperor Butterfly,4000,Flying,4 PM - 11 PM,"0,0,0,0,0,0,0,0,0,0,0,0,0,0,0,0,1,1,1,1,1,1,1,1","0,0,0,0,0,0,0,0,0,0,0,0,0,0,0,0,1,1,1,1,1,1,1,1","1,1,1,0,0,1,1,1,1,0,0,1","1,1,1,0,0,1,1,1,1,0,0,1",Ins5,Ins5,,
90,Bugs,10,Not caught,Agrias Butterfly,3000,Flying,All day,"1,1,1,1,1,1,1,1,1,1,1,1,1,1,1,1,1,1,1,1,1,1,1,1","1,1,1,1,1,1,1,1,1,1,1,1,1,1,1,1,1,1,1,1,1,1,1,1","0,0,0,1,1,1,1,1,1,0,0,0","1,1,1,0,0,0,0,0,0,1,1,1",Ins6,Ins6,,
91,Bugs,11,Not caught,Rajah Brooke's Birdwing,2500,Flying,All day,"1,1,1,1,1,1,1,1,1,1,1,1,1,1,1,1,1,1,1,1,1,1,1,1","1,1,1,1,1,1,1,1,1,1,1,1,1,1,1,1,1,1,1,1,1,1,1,1","1,1,0,1,1,1,1,1,1,0,0,1","1,1,1,0,0,1,1,1,0,1,1,1",Ins7,Ins7,,
92,Bugs,12,Not caught,Queen Alexandra's Birdwing,4000,Flying,4 AM - 7 PM,"1,1,1,1,1,0,0,0,0,0,0,0,0,0,0,0,0,0,0,1,1,1,1,1","1,1,1,1,1,0,0,0,0,0,0,0,0,0,0,0,0,0,0,1,1,1,1,1","0,0,0,0,1,1,1,1,1,0,0,0","1,1,1,0,0,0,0,0,0,0,1,1",Ins8,Ins8,,
93,Bugs,13,Not caught,Moth,130,Flying (Lights),4 AM - 7 PM,"1,1,1,1,1,0,0,0,0,0,0,0,0,0,0,0,0,0,0,1,1,1,1,1","1,1,1,1,1,0,0,0,0,0,0,0,0,0,0,0,0,0,0,1,1,1,1,1","1,1,1,1,1,1,1,1,1,1,1,1","1,1,1,1,1,1,1,1,1,1,1,1",Ins9,Ins9,,
94,Bugs,14,Not caught,Atlas Moth,3000,On trees,5 PM - 8 AM,"1,1,1,1,1,1,1,1,1,0,0,0,0,0,0,0,0,1,1,1,1,1,1,1","1,1,1,1,1,1,1,1,1,0,0,0,0,0,0,0,0,1,1,1,1,1,1,1","0,0,0,1,1,1,1,1,1,0,0,0","1,1,1,0,0,0,0,0,0,1,1,1",Ins10,Ins10,,
95,Bugs,15,Not caught,Madagascan Sunset Moth,2500,Flying,5 PM - 8 AM,"1,1,1,1,1,1,1,1,1,0,0,0,0,0,0,0,0,1,1,1,1,1,1,1","1,1,1,1,1,1,1,1,1,0,0,0,0,0,0,0,0,1,1,1,1,1,1,1","0,0,0,1,1,1,1,1,1,0,0,0","1,1,1,0,0,0,0,0,0,1,1,1",Ins79,Ins79,,
96,Bugs,16,Not caught,Long Locust,200,On ground,All day,"1,1,1,1,1,1,1,1,1,1,1,1,1,1,1,1,1,1,1,1,1,1,1,1","1,1,1,1,1,1,1,1,1,1,1,1,1,1,1,1,1,1,1,1,1,1,1,1","0,0,0,1,1,1,1,1,1,1,1,0","1,1,1,1,1,0,0,0,0,1,1,1",Ins13,Ins13,,
97,Bugs,17,Not caught,Migratory Locust,600,On ground,8 AM - 5 PM,"0,0,0,0,0,0,0,0,1,1,1,1,1,1,1,1,1,1,0,0,0,0,0,0","0,0,0,0,0,0,0,0,1,1,1,1,1,1,1,1,1,1,0,0,0,0,0,0","0,0,0,0,0,0,0,1,1,1,1,0","0,1,1,1,1,0,0,0,0,0,0,0",Ins14,Ins14,,
98,Bugs,18,Not caught,Rice Grasshopper,160,On ground,8 AM - 7 PM,"0,0,0,0,0,0,0,0,1,1,1,1,1,1,1,1,1,1,1,1,0,0,0,0","0,0,0,0,0,0,0,0,1,1,1,1,1,1,1,1,1,1,1,1,0,0,0,0","0,0,0,0,0,0,0,1,1,1,1,0","0,1,1,1,1,0,0,0,0,0,0,0",Ins67,Ins67,,
99,Bugs,19,Not caught,Grasshopper,160,On ground,All day,"1,1,1,1,1,1,1,1,1,1,1,1,1,1,1,1,1,1,1,1,1,1,1,1","1,1,1,1,1,1,1,1,1,1,1,1,1,1,1,1,1,1,1,1,1,1,1,1","0,0,0,0,0,0,1,1,1,0,0,0","1,1,1,0,0,0,0,0,0,0,0,0",Ins32,Ins32,,
100,Bugs,20,Not caught,Cricket,130,On ground,All day,"1,1,1,1,1,1,1,1,1,1,1,1,1,1,1,1,1,1,1,1,1,1,1,1","1,1,1,1,1,1,1,1,1,1,1,1,1,1,1,1,1,1,1,1,1,1,1,1","0,0,0,0,0,0,0,0,1,1,1,0","0,0,1,1,1,0,0,0,0,0,0,0",Ins30,Ins30,,
101,Bugs,21,Not caught,Bell Cricket,430,On ground,All day,"1,1,1,1,1,1,1,1,1,1,1,1,1,1,1,1,1,1,1,1,1,1,1,1","1,1,1,1,1,1,1,1,1,1,1,1,1,1,1,1,1,1,1,1,1,1,1,1","0,0,0,0,0,0,0,0,1,1,0,0","0,0,1,1,0,0,0,0,0,0,0,0",Ins31,Ins31,,
102,Bugs,22,Not caught,Mantis,430,On flowers,5 PM - 8 AM,"1,1,1,1,1,1,1,1,1,0,0,0,0,0,0,0,0,1,1,1,1,1,1,1","1,1,1,1,1,1,1,1,1,0,0,0,0,0,0,0,0,1,1,1,1,1,1,1","0,0,1,1,1,1,1,1,1,1,1,0","1,1,1,1,1,0,0,0,1,1,1,1",Ins15,Ins15,,
103,Bugs,23,Not caught,Orchid Mantis,2400,On white flowers,4 AM - 8 AM & 4 PM - 7 PM,"0,0,0,0,1,1,1,1,1,0,0,0,0,0,0,0,1,1,1,1,0,0,0,0","0,0,0,0,1,1,1,1,1,0,0,0,0,0,0,0,1,1,1,1,0,0,0,0","0,0,1,1,1,1,1,1,1,1,1,0","1,1,1,1,1,0,0,0,1,1,1,1",Ins16,Ins16,,
104,Bugs,24,Not caught,Honeybee,200,Flying,7 PM - 4 AM,"1,1,1,1,1,0,0,0,0,0,0,0,0,0,0,0,0,0,0,1,1,1,1,1","1,1,1,1,1,0,0,0,0,0,0,0,0,0,0,0,0,0,0,1,1,1,1,1","0,0,1,1,1,1,1,0,0,0,0,0","1,0,0,0,0,0,0,0,1,1,1,1",Ins11,Ins11,,
105,Bugs,25,Not caught,Wasp,2500,Shaken tree,All day,"1,1,1,1,1,1,1,1,1,1,1,1,1,1,1,1,1,1,1,1,1,1,1,1","1,1,1,1,1,1,1,1,1,1,1,1,1,1,1,1,1,1,1,1,1,1,1,1","1,1,1,1,1,1,1,1,1,1,1,1","1,1,1,1,1,1,1,1,1,1,1,1",Ins12,Ins12,,
106,Bugs,26,Not caught,Brown Cicada,250,On trees,All Day,"1,1,1,1,1,1,1,1,1,1,1,1,1,1,1,1,1,1,1,1,1,1,1,1","1,1,1,1,1,1,1,1,1,1,1,1,1,1,1,1,1,1,1,1,1,1,1,1","0,0,0,0,0,0,1,1,0,0,0,0","1,1,0,0,0,0,0,0,0,0,0,0",Ins17,Ins17,,
107,Bugs,27,Not caught,Robust Cicada,300,On trees,8 AM - 5 PM,"0,0,0,0,0,0,0,0,1,1,1,1,1,1,1,1,1,1,0,0,0,0,0,0","0,0,0,0,0,0,0,0,1,1,1,1,1,1,1,1,1,1,0,0,0,0,0,0","0,0,0,0,0,0,1,1,0,0,0,0","1,1,0,0,0,0,0,0,0,0,0,0",Ins18,Ins18,,
108,Bugs,28,Not caught,Giant Cicada,500,On trees,11 PM - 8 AM,"1,1,1,1,1,1,1,1,1,0,0,0,0,0,0,0,0,0,0,0,0,0,0,1","1,1,1,1,1,1,1,1,1,0,0,0,0,0,0,0,0,0,0,0,0,0,0,1","0,0,0,0,0,0,1,1,0,0,0,0","1,1,0,0,0,0,0,0,0,0,0,0",Ins65,Ins65,,
109,Bugs,29,Not caught,Walker Cicada,400,On trees,7 PM - 8 AM,"1,1,1,1,1,1,1,1,1,0,0,0,0,0,0,0,0,0,0,1,1,1,1,1","1,1,1,1,1,1,1,1,1,0,0,0,0,0,0,0,0,0,0,1,1,1,1,1","0,0,0,0,0,0,0,1,1,0,0,0","0,1,1,0,0,0,0,0,0,0,0,0",Ins19,Ins19,,
110,Bugs,30,Not caught,Evening Cicada,550,On trees,5 PM - 8 AM,"1,1,1,1,1,1,1,1,1,0,0,0,0,0,0,0,0,1,1,1,1,1,1,1","1,1,1,1,1,1,1,1,1,0,0,0,0,0,0,0,0,1,1,1,1,1,1,1","0,0,0,0,0,0,1,1,0,0,0,0","1,1,0,0,0,0,0,0,0,0,0,0",Ins20,Ins20,,
111,Bugs,31,Not caught,Cicada Shell,10,On trees,5 PM - 8 AM,"1,1,1,1,1,1,1,1,1,0,0,0,0,0,0,0,0,1,1,1,1,1,1,1","1,1,1,1,1,1,1,1,1,0,0,0,0,0,0,0,0,1,1,1,1,1,1,1","0,0,0,0,0,0,1,1,0,0,0,0","1,1,0,0,0,0,0,0,0,0,0,0",Ins69,Ins69,,
112,Bugs,32,Not caught,Red Dragonfly,180,Flying,5 PM - 8 AM,"1,1,1,1,1,1,1,1,1,0,0,0,0,0,0,0,0,1,1,1,1,1,1,1","1,1,1,1,1,1,1,1,1,0,0,0,0,0,0,0,0,1,1,1,1,1,1,1","0,0,0,0,0,0,0,0,1,1,0,0","0,0,1,1,0,0,0,0,0,0,0,0",Ins22,Ins22,,
113,Bugs,33,Not caught,Darner Dragonfly,230,Flying,8 AM - 5 PM,"0,0,0,0,0,0,0,0,1,1,1,1,1,1,1,1,1,1,0,0,0,0,0,0","0,0,0,0,0,0,0,0,1,1,1,1,1,1,1,1,1,1,0,0,0,0,0,0","0,0,0,1,1,1,1,1,1,1,0,0","1,1,1,1,0,0,0,0,0,1,1,1",Ins23,Ins23,,
114,Bugs,34,Not caught,Banded Dragonfly,4500,Flying,4 AM - 7 PM,"1,1,1,1,1,0,0,0,0,0,0,0,0,0,0,0,0,0,0,1,1,1,1,1","1,1,1,1,1,0,0,0,0,0,0,0,0,0,0,0,0,0,0,1,1,1,1,1","0,0,0,0,1,1,1,1,1,1,0,0","1,1,1,1,0,0,0,0,0,0,1,1",Ins24,Ins24,,
115,Bugs,35,Not caught,Damselfly,500,Flying,7 PM - 8 AM,"1,1,1,1,1,1,1,1,1,0,0,0,0,0,0,0,0,0,0,1,1,1,1,1","1,1,1,1,1,1,1,1,1,0,0,0,0,0,0,0,0,0,0,1,1,1,1,1","1,1,0,0,0,0,0,0,0,0,1,1","0,0,0,0,1,1,1,1,0,0,0,0",Ins81,Ins81,,
116,Bugs,36,Not caught,Firefly,300,Flying,8 AM - 5 PM,"0,0,0,0,0,0,0,0,1,1,1,1,1,1,1,1,1,1,0,0,0,0,0,0","0,0,0,0,0,0,0,0,1,1,1,1,1,1,1,1,1,1,0,0,0,0,0,0","0,0,0,0,0,1,0,0,0,0,0,0","0,0,0,0,0,0,0,0,0,0,0,1",Ins41,Ins41,,
117,Bugs,37,Not caught,Mole Cricket,500,Underground,5 PM - 8 AM,"1,1,1,1,1,1,1,1,1,0,0,0,0,0,0,0,0,1,1,1,1,1,1,1","1,1,1,1,1,1,1,1,1,0,0,0,0,0,0,0,0,1,1,1,1,1,1,1","1,1,1,1,1,0,0,0,0,0,1,1","0,0,0,0,1,1,1,1,1,1,1,0",Ins33,Ins33,,
118,Bugs,38,Not caught,Pondskater,130,Water,5 PM - 8 AM,"1,1,1,1,1,1,1,1,1,0,0,0,0,0,0,0,0,1,1,1,1,1,1,1","1,1,1,1,1,1,1,1,1,0,0,0,0,0,0,0,0,1,1,1,1,1,1,1","0,0,0,0,1,1,1,1,1,0,0,0","1,1,1,0,0,0,0,0,0,0,1,1",Ins27,Ins27,,
119,Bugs,39,Not caught,Diving Beetle,800,Water,5 PM - 8 AM,"1,1,1,1,1,1,1,1,1,0,0,0,0,0,0,0,0,1,1,1,1,1,1,1","1,1,1,1,1,1,1,1,1,0,0,0,0,0,0,0,0,1,1,1,1,1,1,1","0,0,0,0,1,1,1,1,1,0,0,0","1,1,1,0,0,0,0,0,0,0,1,1",Ins28,Ins28,,
120,Bugs,40,Not caught,Giant Water Bug,2000,Water,5 PM - 8 AM,"1,1,1,1,1,1,1,1,1,0,0,0,0,0,0,0,0,1,1,1,1,1,1,1","1,1,1,1,1,1,1,1,1,0,0,0,0,0,0,0,0,1,1,1,1,1,1,1","0,0,0,1,1,1,1,1,1,0,0,0","1,1,1,0,0,0,0,0,0,1,1,1",Ins76,Ins76,,
121,Bugs,41,Not caught,Stinkbug,120,On flowers,All day,"1,1,1,1,1,1,1,1,1,1,1,1,1,1,1,1,1,1,1,1,1,1,1,1","1,1,1,1,1,1,1,1,1,1,1,1,1,1,1,1,1,1,1,1,1,1,1,1","0,0,1,1,1,1,1,1,1,1,0,0","1,1,1,1,0,0,0,0,1,1,1,1",Ins64,Ins64,,
122,Bugs,42,Not caught,Man-faced Stink Bug,1000,On flowers,8 AM - 5 PM,"0,0,0,0,0,0,0,0,1,1,1,1,1,1,1,1,1,1,0,0,0,0,0,0","0,0,0,0,0,0,0,0,1,1,1,1,1,1,1,1,1,1,0,0,0,0,0,0","0,0,1,1,1,1,1,1,1,1,0,0","1,1,1,1,0,0,0,0,1,1,1,1",Ins78,Ins78,,
123,Bugs,43,Not caught,Ladybug,200,On flowers,8 AM - 7 PM,"0,0,0,0,0,0,0,0,1,1,1,1,1,1,1,1,1,1,1,1,0,0,0,0","0,0,0,0,0,0,0,0,1,1,1,1,1,1,1,1,1,1,1,1,0,0,0,0","0,0,1,1,1,1,0,0,0,1,0,0","0,0,0,1,0,0,0,0,1,1,1,1",Ins37,Ins37,,
124,Bugs,44,Not caught,Tiger Beetle,1500,On ground,8 AM - 4 PM,"0,0,0,0,0,0,0,0,1,1,1,1,1,1,1,1,1,0,0,0,0,0,0,0","0,0,0,0,0,0,0,0,1,1,1,1,1,1,1,1,1,0,0,0,0,0,0,0","0,1,1,1,1,1,1,1,1,1,0,0","1,1,1,1,0,0,0,1,1,1,1,1",Ins70,Ins70,,
125,Bugs,45,Not caught,Jewel Beetle,2400,Tree stumps,7 PM - 8 AM,"1,1,1,1,1,1,1,1,1,0,0,0,0,0,0,0,0,0,0,1,1,1,1,1","1,1,1,1,1,1,1,1,1,0,0,0,0,0,0,0,0,0,0,1,1,1,1,1","0,0,0,1,1,1,1,1,0,0,0,0","1,1,0,0,0,0,0,0,0,1,1,1",Ins44,Ins44,,
126,Bugs,46,Not caught,Violin Beetle,450,Tree stumps,8 AM - 5 PM,"0,0,0,0,0,0,0,0,1,1,1,1,1,1,1,1,1,1,0,0,0,0,0,0","0,0,0,0,0,0,0,0,1,1,1,1,1,1,1,1,1,1,0,0,0,0,0,0","0,0,0,0,1,1,0,0,1,1,1,0","0,0,1,1,1,0,0,0,0,0,1,1",Ins38,Ins38,,
127,Bugs,47,Not caught,Citrus Long-horned Beetle,350,Tree stumps,8 AM - 7 PM,"0,0,0,0,0,0,0,0,1,1,1,1,1,1,1,1,1,1,1,1,0,0,0,0","0,0,0,0,0,0,0,0,1,1,1,1,1,1,1,1,1,1,1,1,0,0,0,0","1,1,1,1,1,1,1,1,1,1,1,1","1,1,1,1,1,1,1,1,1,1,1,1",Ins39,Ins39,,
128,Bugs,48,Not caught,Rosalia Batesi Beetle,3000,Tree stumps,All day,"1,1,1,1,1,1,1,1,1,1,1,1,1,1,1,1,1,1,1,1,1,1,1,1","1,1,1,1,1,1,1,1,1,1,1,1,1,1,1,1,1,1,1,1,1,1,1,1","0,0,0,0,1,1,1,1,1,0,0,0","1,1,1,0,0,0,0,0,0,0,1,1",Ins82,Ins82,,
129,Bugs,49,Not caught,Blue Weevil Beetle,800,Trees (Coconut),All day,"1,1,1,1,1,1,1,1,1,1,1,1,1,1,1,1,1,1,1,1,1,1,1,1","1,1,1,1,1,1,1,1,1,1,1,1,1,1,1,1,1,1,1,1,1,1,1,1","0,0,0,0,0,0,1,1,0,0,0,0","1,1,0,0,0,0,0,0,0,0,0,0",Ins80,Ins80,,
130,Bugs,50,Not caught,Dung Beetle,3000,Snowballs,4 AM - 5 PM,"1,1,1,1,1,0,0,0,0,0,0,0,0,0,0,0,0,1,1,1,1,1,1,1","1,1,1,1,1,0,0,0,0,0,0,0,0,0,0,0,0,1,1,1,1,1,1,1","1,1,0,0,0,0,0,0,0,0,0,1","0,0,0,0,0,1,1,1,0,0,0,0",Ins40,Ins40,,
131,Bugs,51,Not caught,Earth-boring Dung Beetle,300,On ground,5 PM - 4 AM,"1,1,1,1,1,0,0,0,0,0,0,0,0,0,0,0,0,1,1,1,1,1,1,1","1,1,1,1,1,0,0,0,0,0,0,0,0,0,0,0,0,1,1,1,1,1,1,1","0,0,0,0,0,0,1,1,1,0,0,0","1,1,1,0,0,0,0,0,0,0,0,0",Ins42,Ins42,,
132,Bugs,52,Not caught,Scarab Beetle,10000,Trees,7 PM - 4 AM,"1,1,1,1,1,0,0,0,0,0,0,0,0,0,0,0,0,0,0,1,1,1,1,1","1,1,1,1,1,0,0,0,0,0,0,0,0,0,0,0,0,0,0,1,1,1,1,1","0,0,0,0,0,0,1,1,0,0,0,0","1,1,0,0,0,0,0,0,0,0,0,0",Ins43,Ins43,,
133,Bugs,53,Not caught,Drone Beetle,200,Trees,8 AM - 5 PM,"0,0,0,0,0,0,0,0,1,1,1,1,1,1,1,1,1,1,0,0,0,0,0,0","0,0,0,0,0,0,0,0,1,1,1,1,1,1,1,1,1,1,0,0,0,0,0,0","0,0,0,0,0,1,1,1,0,0,0,0","1,1,0,0,0,0,0,0,0,0,0,1",Ins75,Ins75,,
134,Bugs,54,Not caught,Goliath Beetle,8000,Trees (Coconut),8 AM - 7 PM,"0,0,0,0,0,0,0,0,1,1,1,1,1,1,1,1,1,1,1,1,0,0,0,0","0,0,0,0,0,0,0,0,1,1,1,1,1,1,1,1,1,1,1,1,0,0,0,0","0,0,0,0,0,1,1,1,1,0,0,0","1,1,1,0,0,0,0,0,0,0,0,1",Ins55,Ins55,,
135,Bugs,55,Not caught,Saw Stag,2000,Trees,4 AM - 7 PM,"1,1,1,1,1,0,0,0,0,0,0,0,0,0,0,0,0,0,0,1,1,1,1,1","1,1,1,1,1,0,0,0,0,0,0,0,0,0,0,0,0,0,0,1,1,1,1,1","0,0,0,0,0,0,1,1,0,0,0,0","1,1,0,0,0,0,0,0,0,0,0,0",Ins46,Ins46,,
136,Bugs,56,Not caught,Miyama Stag,1000,Trees,11 PM - 4 PM,"1,1,1,1,1,1,1,1,1,1,1,1,1,1,1,1,1,0,0,0,0,0,0,1","1,1,1,1,1,1,1,1,1,1,1,1,1,1,1,1,1,0,0,0,0,0,0,1","0,0,0,0,0,0,1,1,0,0,0,0","1,1,0,0,0,0,0,0,0,0,0,0",Ins46,Ins46,,
137,Bugs,57,Not caught,Giant Stag,10000,Trees,8 AM - 7 PM,"0,0,0,0,0,0,0,0,1,1,1,1,1,1,1,1,1,1,1,1,0,0,0,0","0,0,0,0,0,0,0,0,1,1,1,1,1,1,1,1,1,1,1,1,0,0,0,0","0,0,0,0,0,0,1,1,0,0,0,0","1,1,0,0,0,0,0,0,0,0,0,0",Ins47,Ins47,,
138,Bugs,58,Not caught,Rainbow Stag,6000,Trees,8 AM - 4 PM,"0,0,0,0,0,0,0,0,1,1,1,1,1,1,1,1,1,0,0,0,0,0,0,0","0,0,0,0,0,0,0,0,1,1,1,1,1,1,1,1,1,0,0,0,0,0,0,0","0,0,0,0,0,1,1,1,1,0,0,0","1,1,1,0,0,0,0,0,0,0,0,1",Ins48,Ins48,,
139,Bugs,59,Not caught,Cyclommatus Stag,8000,Trees (Coconut),7 PM - 8 AM,"1,1,1,1,1,1,1,1,1,0,0,0,0,0,0,0,0,0,0,1,1,1,1,1","1,1,1,1,1,1,1,1,1,0,0,0,0,0,0,0,0,0,0,1,1,1,1,1","0,0,0,0,0,0,1,1,0,0,0,0","1,1,0,0,0,0,0,0,0,0,0,0",Ins49,Ins49,,
140,Bugs,60,Not caught,Golden Stag,12000,Trees (Coconut),8 AM - 5 PM,"0,0,0,0,0,0,0,0,1,1,1,1,1,1,1,1,1,1,0,0,0,0,0,0","0,0,0,0,0,0,0,0,1,1,1,1,1,1,1,1,1,1,0,0,0,0,0,0","0,0,0,0,0,0,1,1,0,0,0,0","1,1,0,0,0,0,0,0,0,0,0,0",Ins50,Ins50,,
141,Bugs,61,Not caught,Giraffe Stag,12000,Trees (Coconut),8 AM - 7 PM,"0,0,0,0,0,0,0,0,1,1,1,1,1,1,1,1,1,1,1,1,0,0,0,0","0,0,0,0,0,0,0,0,1,1,1,1,1,1,1,1,1,1,1,1,0,0,0,0","0,0,0,0,0,0,1,1,0,0,0,0","1,1,0,0,0,0,0,0,0,0,0,0",Ins77,Ins77,,
142,Bugs,62,Not caught,Horned Dynastid,1350,Trees,8 AM - 7 PM,"0,0,0,0,0,0,0,0,1,1,1,1,1,1,1,1,1,1,1,1,0,0,0,0","0,0,0,0,0,0,0,0,1,1,1,1,1,1,1,1,1,1,1,1,0,0,0,0","0,0,0,0,0,0,1,1,0,0,0,0","1,1,0,0,0,0,0,0,0,0,0,0",Ins51,Ins51,,
143,Bugs,63,Not caught,Horned Atlas,8000,Trees (Coconut),8 AM - 5 PM,"0,0,0,0,0,0,0,0,1,1,1,1,1,1,1,1,1,1,0,0,0,0,0,0","0,0,0,0,0,0,0,0,1,1,1,1,1,1,1,1,1,1,0,0,0,0,0,0","0,0,0,0,0,0,1,1,0,0,0,0","1,1,0,0,0,0,0,0,0,0,0,0",Ins52,Ins52,,
144,Bugs,64,Not caught,Horned Elephant,8000,Trees (Coconut),All day,"1,1,1,1,1,1,1,1,1,1,1,1,1,1,1,1,1,1,1,1,1,1,1,1","1,1,1,1,1,1,1,1,1,1,1,1,1,1,1,1,1,1,1,1,1,1,1,1","0,0,0,0,0,0,1,1,0,0,0,0","1,1,0,0,0,0,0,0,0,0,0,0",Ins53,Ins53,,
145,Bugs,65,Not caught,Horned Hercules,12000,Trees (Coconut),All day,"1,1,1,1,1,1,1,1,1,1,1,1,1,1,1,1,1,1,1,1,1,1,1,1","1,1,1,1,1,1,1,1,1,1,1,1,1,1,1,1,1,1,1,1,1,1,1,1","0,0,0,0,0,0,1,1,0,0,0,0","1,1,0,0,0,0,0,0,0,0,0,0",Ins54,Ins54,,
146,Bugs,66,Not caught,Walking Stick,600,On trees,11 PM - 8 AM,"1,1,1,1,1,1,1,1,1,0,0,0,0,0,0,0,0,0,0,0,0,0,0,1","1,1,1,1,1,1,1,1,1,0,0,0,0,0,0,0,0,0,0,0,0,0,0,1","0,0,0,0,0,0,1,1,1,1,1,0","1,1,1,1,1,0,0,0,0,0,0,0",Ins35,Ins35,,
147,Bugs,67,Not caught,Walking Leaf,600,Near trees,7 PM - 4 AM,"1,1,1,1,1,0,0,0,0,0,0,0,0,0,0,0,0,0,0,1,1,1,1,1","1,1,1,1,1,0,0,0,0,0,0,0,0,0,0,0,0,0,0,1,1,1,1,1","0,0,0,0,0,0,1,1,1,0,0,0","1,1,1,0,0,0,0,0,0,0,0,0",Ins34,Ins34,,
148,Bugs,68,Not caught,Bagworm,600,Shaken trees,All day,"1,1,1,1,1,1,1,1,1,1,1,1,1,1,1,1,1,1,1,1,1,1,1,1","1,1,1,1,1,1,1,1,1,1,1,1,1,1,1,1,1,1,1,1,1,1,1,1","1,1,1,1,1,1,1,1,1,1,1,1","1,1,1,1,1,1,1,1,1,1,1,1",Ins36,Ins36,,
149,Bugs,69,Not caught,Ant,80,Rotten food,7 PM - 8 AM,"1,1,1,1,1,1,1,1,1,0,0,0,0,0,0,0,0,0,0,1,1,1,1,1","1,1,1,1,1,1,1,1,1,0,0,0,0,0,0,0,0,0,0,1,1,1,1,1","1,1,1,1,1,1,1,1,1,1,1,1","1,1,1,1,1,1,1,1,1,1,1,1",Ins26,Ins26,,
150,Bugs,70,Not caught,Hermit Crab,1000,Beach,All day,"1,1,1,1,1,1,1,1,1,1,1,1,1,1,1,1,1,1,1,1,1,1,1,1","1,1,1,1,1,1,1,1,1,1,1,1,1,1,1,1,1,1,1,1,1,1,1,1","1,1,1,1,1,1,1,1,1,1,1,1","1,1,1,1,1,1,1,1,1,1,1,1",Ins66,Ins66,,
151,Bugs,71,Not caught,Wharf Roach,200,Beach rocks,7 PM - 4 AM,"1,1,1,1,1,0,0,0,0,0,0,0,0,0,0,0,0,0,0,1,1,1,1,1","1,1,1,1,1,0,0,0,0,0,0,0,0,0,0,0,0,0,0,1,1,1,1,1","1,1,1,1,1,1,1,1,1,1,1,1","1,1,1,1,1,1,1,1,1,1,1,1",Ins71,Ins71,,
152,Bugs,72,Not caught,Fly,60,Trash items,All day,"1,1,1,1,1,1,1,1,1,1,1,1,1,1,1,1,1,1,1,1,1,1,1,1","1,1,1,1,1,1,1,1,1,1,1,1,1,1,1,1,1,1,1,1,1,1,1,1","1,1,1,1,1,1,1,1,1,1,1,1","1,1,1,1,1,1,1,1,1,1,1,1",Ins59,Ins59,,
153,Bugs,73,Not caught,Mosquito,130,Flying,4 AM - 7 PM,"1,1,1,1,1,0,0,0,0,0,0,0,0,0,0,0,0,0,0,1,1,1,1,1","1,1,1,1,1,0,0,0,0,0,0,0,0,0,0,0,0,0,0,1,1,1,1,1","0,0,0,0,0,1,1,1,1,0,0,0","1,1,1,0,0,0,0,0,0,0,0,1",Ins58,Ins58,,
154,Bugs,74,Not caught,Flea,70,Villagers,All day,"1,1,1,1,1,1,1,1,1,1,1,1,1,1,1,1,1,1,1,1,1,1,1,1","1,1,1,1,1,1,1,1,1,1,1,1,1,1,1,1,1,1,1,1,1,1,1,1","0,0,0,1,1,1,1,1,1,1,1,0","1,1,1,1,1,0,0,0,0,1,1,1",Ins56,Ins56,,
155,Bugs,75,Not caught,Snail,250,Rocks (Rain),8 AM - 5 PM,"0,0,0,0,0,0,0,0,1,1,1,1,1,1,1,1,1,1,0,0,0,0,0,0","0,0,0,0,0,0,0,0,1,1,1,1,1,1,1,1,1,1,0,0,0,0,0,0","1,1,1,1,1,1,1,1,1,1,1,1","1,1,1,1,1,1,1,1,1,1,1,1",Ins29,Ins29,,
156,Bugs,76,Not caught,Pill bug,250,Rocks (Hit),All day,"1,1,1,1,1,1,1,1,1,1,1,1,1,1,1,1,1,1,1,1,1,1,1,1","1,1,1,1,1,1,1,1,1,1,1,1,1,1,1,1,1,1,1,1,1,1,1,1","1,1,1,1,1,1,0,0,1,1,1,1","0,0,1,1,1,1,1,1,1,1,1,1",Ins57,Ins57,,
157,Bugs,77,Not caught,Centipede,300,Rocks (Hit),4 AM - 8 AM & 5 PM - 7 PM,"0,0,0,0,1,1,1,1,1,0,0,0,0,0,0,0,0,1,1,1,0,0,0,0","0,0,0,0,1,1,1,1,1,0,0,0,0,0,0,0,0,1,1,1,0,0,0,0","1,1,1,1,1,1,0,0,1,1,1,1","0,0,1,1,1,1,1,1,1,1,1,1",Ins60,Ins60,,
158,Bugs,78,Not caught,Spider,480,Shaken trees,All day,"1,1,1,1,1,1,1,1,1,1,1,1,1,1,1,1,1,1,1,1,1,1,1,1","1,1,1,1,1,1,1,1,1,1,1,1,1,1,1,1,1,1,1,1,1,1,1,1","1,1,1,1,1,1,1,1,1,1,1,1","1,1,1,1,1,1,1,1,1,1,1,1",Ins61,Ins61,,
159,Bugs,79,Not caught,Tarantula,8000,Ground,All day,"1,1,1,1,1,1,1,1,1,1,1,1,1,1,1,1,1,1,1,1,1,1,1,1","1,1,1,1,1,1,1,1,1,1,1,1,1,1,1,1,1,1,1,1,1,1,1,1","1,1,1,1,0,0,0,0,0,0,1,1","0,0,0,0,1,1,1,1,1,1,0,0",Ins62,Ins62,,
160,Bugs,80,Not caught,Scorpion,8000,Ground,4 AM - 7 PM,"0,0,0,0,1,1,1,1,1,1,1,1,1,1,1,1,1,1,1,1,0,0,0,0","1,1,1,1,1,0,0,0,0,0,0,0,0,0,0,0,0,0,0,1,1,1,1,1","0,0,0,0,1,1,1,1,1,1,0,0","1,1,1,1,0,0,0,0,0,0,1,1",Ins63,Ins63,,
161,Sea,1,Not caught,Seaweed,600,(Underwater) Stationary,All day,"1,1,1,1,1,1,1,1,1,1,1,1,1,1,1,1,1,1,1,1,1,1,1,1","1,1,1,1,1,1,1,1,1,1,1,1,1,1,1,1,1,1,1,1,1,1,1,1","1,1,1,1,1,1,1,0,0,1,1,1","1,0,0,1,1,1,1,1,1,1,1,1",Wakame,Wakame,,
162,Sea,2,Not caught,Sea Grapes,900,(Underwater) Stationary,All day,"1,1,1,1,1,1,1,1,1,1,1,1,1,1,1,1,1,1,1,1,1,1,1,1","1,1,1,1,1,1,1,1,1,1,1,1,1,1,1,1,1,1,1,1,1,1,1,1","0,0,0,0,0,1,1,1,1,0,0,0","1,1,1,0,0,0,0,0,0,0,0,1",Umibudou,Umibudou,,
163,Sea,3,Not caught,Sea Cucumber,500,(Underwater) Very slow,All day,"1,1,1,1,1,1,1,1,1,1,1,1,1,1,1,1,1,1,1,1,1,1,1,1","1,1,1,1,1,1,1,1,1,1,1,1,1,1,1,1,1,1,1,1,1,1,1,1","1,1,1,1,0,0,0,0,0,0,1,1","0,0,0,0,1,1,1,1,1,1,0,0",Namako,Namako,,
164,Sea,4,Not caught,Sea Pig,10000,(Underwater) Very fast,4 PM - 9 AM,"1,1,1,1,1,1,1,1,1,0,0,0,0,0,0,0,1,1,1,1,1,1,1,1","1,1,1,1,1,1,1,1,1,0,0,0,0,0,0,0,1,1,1,1,1,1,1,1","1,1,0,0,0,0,0,0,0,0,1,1","0,0,0,0,1,1,1,1,0,0,0,0",Senjunamako,Senjunamako,,
165,Sea,5,Not caught,Sea Star,500,(Underwater) Very slow,All day,"1,1,1,1,1,1,1,1,1,1,1,1,1,1,1,1,1,1,1,1,1,1,1,1","1,1,1,1,1,1,1,1,1,1,1,1,1,1,1,1,1,1,1,1,1,1,1,1","1,1,1,1,1,1,1,1,1,1,1,1","1,1,1,1,1,1,1,1,1,1,1,1",Hitode,Hitode,,
166,Sea,6,Not caught,Sea Urchin,1700,(Underwater) Slow,All day,"1,1,1,1,1,1,1,1,1,1,1,1,1,1,1,1,1,1,1,1,1,1,1,1","1,1,1,1,1,1,1,1,1,1,1,1,1,1,1,1,1,1,1,1,1,1,1,1","0,0,0,0,1,1,1,1,1,0,0,0","1,1,1,0,0,0,0,0,0,0,1,1",Uni,Uni,,
167,Sea,7,Not caught,Slate Pencil Urchin,2000,(Underwater) Medium,4 PM - 9 AM,"1,1,1,1,1,1,1,1,1,0,0,0,0,0,0,0,1,1,1,1,1,1,1,1","1,1,1,1,1,1,1,1,1,0,0,0,0,0,0,0,1,1,1,1,1,1,1,1","0,0,0,0,1,1,1,1,1,0,0,0","1,1,1,0,0,0,0,0,0,0,1,1",Paipuuni,Paipuuni,,
168,Sea,8,Not caught,Sea Anemone,500,(Underwater) Stationary,All day,"1,1,1,1,1,1,1,1,1,1,1,1,1,1,1,1,1,1,1,1,1,1,1,1","1,1,1,1,1,1,1,1,1,1,1,1,1,1,1,1,1,1,1,1,1,1,1,1","1,1,1,1,1,1,1,1,1,1,1,1","1,1,1,1,1,1,1,1,1,1,1,1",Isogintyaku,Isogintyaku,,
169,Sea,9,Not caught,Moon Jellyfish,600,(Underwater) Very slow,All day,"1,1,1,1,1,1,1,1,1,1,1,1,1,1,1,1,1,1,1,1,1,1,1,1","1,1,1,1,1,1,1,1,1,1,1,1,1,1,1,1,1,1,1,1,1,1,1,1","0,0,0,0,0,0,1,1,1,0,0,0","1,1,1,0,0,0,0,0,0,0,0,0",Mizukurage,Mizukurage,,
170,Sea,10,Not caught,Sea Slug,600,(Underwater) Very Slow,All day,"1,1,1,1,1,1,1,1,1,1,1,1,1,1,1,1,1,1,1,1,1,1,1,1","1,1,1,1,1,1,1,1,1,1,1,1,1,1,1,1,1,1,1,1,1,1,1,1","1,1,1,1,1,1,1,1,1,1,1,1","1,1,1,1,1,1,1,1,1,1,1,1",Umiushi,Umiushi,,
171,Sea,11,Not caught,Pearl Oyster,2800,(Underwater) Medium,All day,"1,1,1,1,1,1,1,1,1,1,1,1,1,1,1,1,1,1,1,1,1,1,1,1","1,1,1,1,1,1,1,1,1,1,1,1,1,1,1,1,1,1,1,1,1,1,1,1","1,1,1,1,1,1,1,1,1,1,1,1","1,1,1,1,1,1,1,1,1,1,1,1",Akoyagai,Akoyagai,,
172,Sea,12,Not caught,Mussel,1500,(Underwater) Slow,All day,"1,1,1,1,1,1,1,1,1,1,1,1,1,1,1,1,1,1,1,1,1,1,1,1","1,1,1,1,1,1,1,1,1,1,1,1,1,1,1,1,1,1,1,1,1,1,1,1","0,0,0,0,0,1,1,1,1,1,1,1","1,1,1,1,1,1,0,0,0,0,0,1",Muhrugai,Muhrugai,,
173,Sea,13,Not caught,Oyster,1100,(Underwater) Slow,All day,"1,1,1,1,1,1,1,1,1,1,1,1,1,1,1,1,1,1,1,1,1,1,1,1","1,1,1,1,1,1,1,1,1,1,1,1,1,1,1,1,1,1,1,1,1,1,1,1","1,1,0,0,0,0,0,0,1,1,1,1","0,0,1,1,1,1,1,1,0,0,0,0",Kaki,Kaki,,
174,Sea,14,Not caught,Scallop,1200,(Underwater) Slow,All day,"1,1,1,1,1,1,1,1,1,1,1,1,1,1,1,1,1,1,1,1,1,1,1,1","1,1,1,1,1,1,1,1,1,1,1,1,1,1,1,1,1,1,1,1,1,1,1,1","1,1,1,1,1,1,1,1,1,1,1,1","1,1,1,1,1,1,1,1,1,1,1,1",Hotate,Hotate,,
175,Sea,15,Not caught,Whelk,1000,(Underwater) Slow,All day,"1,1,1,1,1,1,1,1,1,1,1,1,1,1,1,1,1,1,1,1,1,1,1,1","1,1,1,1,1,1,1,1,1,1,1,1,1,1,1,1,1,1,1,1,1,1,1,1","1,1,1,1,1,1,1,1,1,1,1,1","1,1,1,1,1,1,1,1,1,1,1,1",Baigai,Baigai,,
176,Sea,16,Not caught,Turban Shell,1000,(Underwater) Slow,All day,"1,1,1,1,1,1,1,1,1,1,1,1,1,1,1,1,1,1,1,1,1,1,1,1","1,1,1,1,1,1,1,1,1,1,1,1,1,1,1,1,1,1,1,1,1,1,1,1","0,0,1,1,1,0,0,0,1,1,1,1","0,0,1,1,1,1,0,0,1,1,1,0",Sazae,Sazae,,
177,Sea,17,Not caught,Abalone,2000,(Underwater) Medium,4 PM - 9 AM,"1,1,1,1,1,1,1,1,1,0,0,0,0,0,0,0,1,1,1,1,1,1,1,1","1,1,1,1,1,1,1,1,1,0,0,0,0,0,0,0,1,1,1,1,1,1,1,1","1,0,0,0,0,1,1,1,1,1,1,1","1,1,1,1,1,1,1,0,0,0,0,1",Awabi,Awabi,,
178,Sea,18,Not caught,Gigas Giant Clam,15000,(Underwater) Very fast,All day,"1,1,1,1,1,1,1,1,1,1,1,1,1,1,1,1,1,1,1,1,1,1,1,1","1,1,1,1,1,1,1,1,1,1,1,1,1,1,1,1,1,1,1,1,1,1,1,1","0,0,0,0,1,1,1,1,1,0,0,0","1,1,1,0,0,0,0,0,0,0,1,1",Shakogai,Shakogai,,
179,Sea,19,Not caught,Chambered Nautilus,1800,(Underwater) Medium,4 PM - 9 AM,"1,1,1,1,1,1,1,1,1,0,0,0,0,0,0,0,1,1,1,1,1,1,1,1","1,1,1,1,1,1,1,1,1,0,0,0,0,0,0,0,1,1,1,1,1,1,1,1","0,0,1,1,1,1,0,0,1,1,1,0","0,0,1,1,1,0,0,0,1,1,1,1",Oumugai,Oumugai,,
180,Sea,20,Not caught,Octopus,1200,(Underwater) Slow,All day,"1,1,1,1,1,1,1,1,1,1,1,1,1,1,1,1,1,1,1,1,1,1,1,1","1,1,1,1,1,1,1,1,1,1,1,1,1,1,1,1,1,1,1,1,1,1,1,1","1,1,1,1,1,1,1,1,1,1,1,1","1,1,1,1,1,1,1,1,1,1,1,1",Tako,Tako,,
181,Sea,21,Not caught,Umbrella Octopus,6000,(Underwater) Fast,All day,"1,1,1,1,1,1,1,1,1,1,1,1,1,1,1,1,1,1,1,1,1,1,1,1","1,1,1,1,1,1,1,1,1,1,1,1,1,1,1,1,1,1,1,1,1,1,1,1","0,0,1,1,1,0,0,0,1,1,1,0","0,0,1,1,1,0,0,0,1,1,1,0",Mendako,Mendako,,
182,Sea,22,Not caught,Vampire Squid,10000,(Underwater) Very fast,4 PM - 9 AM,"1,1,1,1,1,1,1,1,1,0,0,0,0,0,0,0,1,1,1,1,1,1,1,1","1,1,1,1,1,1,1,1,1,0,0,0,0,0,0,0,1,1,1,1,1,1,1,1","0,0,0,0,1,1,1,1,0,0,0,0","1,1,0,0,0,0,0,0,0,0,1,1",Koumoridako,Koumoridako,,
183,Sea,23,Not caught,Firefly Squid,1400,(Underwater) Slow,9 PM - 4 AM,"1,1,1,1,0,0,0,0,0,0,0,0,0,0,0,0,0,0,0,0,0,1,1,1","1,1,1,1,0,0,0,0,0,0,0,0,0,0,0,0,0,0,0,0,0,1,1,1","0,0,1,1,1,1,0,0,0,0,0,0","0,0,0,0,0,0,0,0,1,1,1,1",Hotaruika,Hotaruika,,
184,Sea,24,Not caught,Gazami Crab,2200,(Underwater) Medium,All day,"1,1,1,1,1,1,1,1,1,1,1,1,1,1,1,1,1,1,1,1,1,1,1,1","1,1,1,1,1,1,1,1,1,1,1,1,1,1,1,1,1,1,1,1,1,1,1,1","0,0,0,0,0,1,1,1,1,1,1,0","1,1,1,1,1,0,0,0,0,0,0,1",Gazami,Gazami,,
185,Sea,25,Not caught,Dungeness Crab,1900,(Underwater) Medium,All day,"1,1,1,1,1,1,1,1,1,1,1,1,1,1,1,1,1,1,1,1,1,1,1,1","1,1,1,1,1,1,1,1,1,1,1,1,1,1,1,1,1,1,1,1,1,1,1,1","1,1,1,1,1,0,0,0,0,0,1,1","0,0,0,0,1,1,1,1,1,1,1,0",DungenessCrab,DungenessCrab,,
186,Sea,26,Not caught,Snow Crab,6000,(Underwater) Fast,All day,"1,1,1,1,1,1,1,1,1,1,1,1,1,1,1,1,1,1,1,1,1,1,1,1","1,1,1,1,1,1,1,1,1,1,1,1,1,1,1,1,1,1,1,1,1,1,1,1","1,1,1,1,0,0,0,0,0,0,1,1","0,0,0,0,1,1,1,1,1,1,0,0",Zuwaigani,Zuwaigani,,
187,Sea,27,Not caught,Red King Crab,8000,(Underwater) Very fast,All day,"1,1,1,1,1,1,1,1,1,1,1,1,1,1,1,1,1,1,1,1,1,1,1,1","1,1,1,1,1,1,1,1,1,1,1,1,1,1,1,1,1,1,1,1,1,1,1,1","1,1,1,0,0,0,0,0,0,0,1,1","0,0,0,0,1,1,1,1,1,0,0,0",Tarabagani,Tarabagani,,
188,Sea,28,Not caught,Acorn Barnacle,600,(Underwater) Stationary,All day,"1,1,1,1,1,1,1,1,1,1,1,1,1,1,1,1,1,1,1,1,1,1,1,1","1,1,1,1,1,1,1,1,1,1,1,1,1,1,1,1,1,1,1,1,1,1,1,1","1,1,1,1,1,1,1,1,1,1,1,1","1,1,1,1,1,1,1,1,1,1,1,1",Fujitsubo,Fujitsubo,,
189,Sea,29,Not caught,Spider Crab,12000,(Underwater) Very fast,All day,"1,1,1,1,1,1,1,1,1,1,1,1,1,1,1,1,1,1,1,1,1,1,1,1","1,1,1,1,1,1,1,1,1,1,1,1,1,1,1,1,1,1,1,1,1,1,1,1","0,0,1,1,0,0,0,0,0,0,0,0","0,0,0,0,0,0,0,0,1,1,0,0",Takaashigani,Takaashigani,,
190,Sea,30,Not caught,Tiger Prawn,3000,(Underwater) Medium,4 PM - 9 AM,"1,1,1,1,1,1,1,1,1,0,0,0,0,0,0,0,1,1,1,1,1,1,1,1","1,1,1,1,1,1,1,1,1,0,0,0,0,0,0,0,1,1,1,1,1,1,1,1","0,0,0,0,0,1,1,1,1,0,0,0","1,1,1,0,0,0,0,0,0,0,0,1",Kurumaebi,Kurumaebi,,
191,Sea,31,Not caught,Sweet Shrimp,1400,(Underwater) Slow,4 PM - 9 AM,"1,1,1,1,1,1,1,1,1,0,0,0,0,0,0,0,1,1,1,1,1,1,1,1","1,1,1,1,1,1,1,1,1,0,0,0,0,0,0,0,1,1,1,1,1,1,1,1","1,1,0,0,0,0,0,0,1,1,1,1","0,0,1,1,1,1,1,1,0,0,0,0",Amaebi,Amaebi,,
192,Sea,32,Not caught,Mantis Shrimp,2500,(Underwater) Medium,4 PM - 9 AM,"1,1,1,1,1,1,1,1,1,0,0,0,0,0,0,0,1,1,1,1,1,1,1,1","1,1,1,1,1,1,1,1,1,0,0,0,0,0,0,0,1,1,1,1,1,1,1,1","1,1,1,1,1,1,1,1,1,1,1,1","1,1,1,1,1,1,1,1,1,1,1,1",Shako,Shako,,
193,Sea,33,Not caught,Spiny Lobster,5000,(Underwater) Fast,9 AM - 4 PM,"0,0,0,0,0,0,0,0,0,1,1,1,1,1,1,1,0,0,0,0,0,0,0,0","0,0,0,0,0,0,0,0,0,1,1,1,1,1,1,1,0,0,0,0,0,0,0,0","0,0,0,0,0,0,0,0,0,1,1,1","0,0,0,1,1,1,0,0,0,0,0,0",Iseebi,Iseebi,,
194,Sea,34,Not caught,Lobster,4500,(Underwater) Fast,All day,"1,1,1,1,1,1,1,1,1,1,1,1,1,1,1,1,1,1,1,1,1,1,1,1","1,1,1,1,1,1,1,1,1,1,1,1,1,1,1,1,1,1,1,1,1,1,1,1","1,0,0,1,1,1,0,0,0,0,0,1","0,0,0,0,0,1,1,0,0,1,1,1",Fish54,Fish54,,
195,Sea,35,Not caught,Giant Isopod,12000,(Underwater) Very fast,9 AM - 4 PM,"0,0,0,0,0,0,0,0,0,1,1,1,1,1,1,1,0,0,0,0,0,0,0,0","0,0,0,0,0,0,0,0,0,1,1,1,1,1,1,1,0,0,0,0,0,0,0,0","0,0,0,0,0,0,1,1,1,1,0,0","1,1,1,1,0,0,0,0,0,0,0,0",Daiougusokumushi,Daiougusokumushi,,
196,Sea,36,Not caught,Horseshoe Crab,2500,(Underwater) Medium,9 PM - 4 AM,"1,1,1,1,0,0,0,0,0,0,0,0,0,0,0,0,0,0,0,0,0,1,1,1","1,1,1,1,0,0,0,0,0,0,0,0,0,0,0,0,0,0,0,0,0,1,1,1","0,0,0,0,0,0,1,1,1,0,0,0","1,1,1,0,0,0,0,0,0,0,0,0",Kabutogani,Kabutogani,,
197,Sea,37,Not caught,Sea Pineapple,1500,(Underwater) Slow,All day,"1,1,1,1,1,1,1,1,1,1,1,1,1,1,1,1,1,1,1,1,1,1,1,1","1,1,1,1,1,1,1,1,1,1,1,1,1,1,1,1,1,1,1,1,1,1,1,1","0,0,0,1,1,1,1,1,0,0,0,0","1,1,0,0,0,0,0,0,0,1,1,1",Hoya,Hoya,,
198,Sea,38,Not caught,Spotted Garden Eel,1100,(Underwater) Slow,4 PM - 9 AM,"1,1,1,1,1,1,1,1,1,0,0,0,0,0,0,0,1,1,1,1,1,1,1,1","1,1,1,1,1,1,1,1,1,0,0,0,0,0,0,0,1,1,1,1,1,1,1,1","0,0,0,0,1,1,1,1,1,1,0,0","1,1,1,1,0,0,0,0,0,0,1,1",Chinanago,Chinanago,,
199,Sea,39,Not caught,Flatworm,700,(Underwater) Very slow,4 PM - 9 AM,"1,1,1,1,1,1,1,1,1,0,0,0,0,0,0,0,1,1,1,1,1,1,1,1","1,1,1,1,1,1,1,1,1,0,0,0,0,0,0,0,1,1,1,1,1,1,1,1","0,0,0,0,0,0,0,1,1,0,0,0","0,1,1,0,0,0,0,0,0,0,0,0",Hiramushi,Hiramushi,,
200,Sea,40,Not caught,Venus' Flower Basket,5000,(Underwater) Fast,All day,"1,1,1,1,1,1,1,1,1,1,1,1,1,1,1,1,1,1,1,1,1,1,1,1","1,1,1,1,1,1,1,1,1,1,1,1,1,1,1,1,1,1,1,1,1,1,1,1","1,1,0,0,0,0,0,0,0,1,1,1","0,0,0,1,1,1,1,1,0,0,0,0",Kairoudouketsu,Kairoudouketsu,,